user_id,name,age,location,profession,experience_years,professional_summary,about_me,mbti,interests
U001,Daniel Kapoor,25,"Seattle, USA",DevOps Engineer,11,Dedicated DevOps Engineer with 11 years of background in innovative environments. Focused on building high-impact solutions using Docker and modern Kubernetes frameworks.,"Enthusiastic professional with a growth mindset. I love brainstorming innovative ideas over coffee, participating in hackathons, and hiking on weekend getaways.",ESTP,"Hiking, Data, Music, Teaching, Reading"
U002,Priya Garcia,42,"San Francisco, USA",Data Analyst,5,"Analytical and creative Data Analyst with 5 years of experience. Proven expertise in Data Mining, cross-functional leadership, and delivering value through Python.","Curious problem-solver who values transparent communication, empathy, and intellectual rigor. Passionate about community building, sustainability, and exploring new tech trends.",ISTJ,"Reading, Teaching, Gaming, Writing, Startups"
U003,Meera Patel,40,"Austin, USA",Business Analyst,8,"Results-driven Business Analyst boasting 8 years in the industry. Specialized in Requirements Gathering, SQL, and scalable system design with a strong track record of success.","Curious problem-solver who values transparent communication, empathy, and intellectual rigor. Passionate about community building, sustainability, and exploring new tech trends.",INTJ,"Data, Music, Startups, Teaching"
U004,Chris Rao,42,"Bangalore, India",Data Analyst,8,"Results-driven Data Analyst boasting 8 years in the industry. Specialized in Python, Tableau, and scalable system design with a strong track record of success.","I thrive in collaborative, fast-paced team environments where continuous learning is celebrated. Outside of work, I enjoy mentoring juniors, reading tech blogs, and staying active.",ENTP,"Hiking, Fitness, Chess, Startups, Data"
U005,Aditya Kapoor,30,"Delhi, India",DevOps Engineer,13,"Analytical and creative DevOps Engineer with 13 years of experience. Proven expertise in Kubernetes, cross-functional leadership, and delivering value through CI/CD.","Curious problem-solver who values transparent communication, empathy, and intellectual rigor. Passionate about community building, sustainability, and exploring new tech trends.",ESFJ,"Mentorship, AI Ethics, Writing, Public Speaking"
U006,Rhea Johnson,33,"Austin, USA",Business Analyst,2,Dedicated Business Analyst with 2 years of background in innovative environments. Focused on building high-impact solutions using Requirements Gathering and modern SQL frameworks.,"Enthusiastic professional with a growth mindset. I love brainstorming innovative ideas over coffee, participating in hackathons, and hiking on weekend getaways.",ENTJ,"Music, Data, Hiking"
U007,Ishita Joshi,29,"San Francisco, USA",Data Analyst,5,"Data Analyst with 5 years of experience in data solutions, passionate about leveraging Data Mining and Tableau to solve complex problems and drive business growth.","I thrive in collaborative, fast-paced team environments where continuous learning is celebrated. Outside of work, I enjoy mentoring juniors, reading tech blogs, and staying active.",ISTJ,"Mentorship, Cooking, Coding, AI Ethics"
U008,Samantha Singhania,28,"Bangalore, India",Marketing Specialist,4,"Marketing Specialist with 4 years of experience in marketing solutions, passionate about leveraging SEO and Content Strategy to solve complex problems and drive business growth.","Enthusiastic professional with a growth mindset. I love brainstorming innovative ideas over coffee, participating in hackathons, and hiking on weekend getaways.",ENFP,"Startups, Photography, Hiking, Fitness"
U009,Rachel Miller,23,"Pune, India",Data Analyst,10,Dedicated Data Analyst with 10 years of background in innovative environments. Focused on building high-impact solutions using Excel and modern SQL frameworks.,"Curious problem-solver who values transparent communication, empathy, and intellectual rigor. Passionate about community building, sustainability, and exploring new tech trends.",ISTJ,"Cooking, Data, Coding"
U010,Sarah Smith,27,"San Francisco, USA",HR Specialist,4,Dedicated HR Specialist with 4 years of background in innovative environments. Focused on building high-impact solutions using Culture and modern Employee Engagement frameworks.,"Enthusiastic professional with a growth mindset. I love brainstorming innovative ideas over coffee, participating in hackathons, and hiking on weekend getaways.",ENTJ,"Gaming, Fitness, Hiking, Data"
U011,Chris Joshi,34,"Bangalore, India",Marketing Specialist,1,Dedicated Marketing Specialist with 1 years of background in innovative environments. Focused on building high-impact solutions using Analytics and modern Content Strategy frameworks.,"Enthusiastic professional with a growth mindset. I love brainstorming innovative ideas over coffee, participating in hackathons, and hiking on weekend getaways.",ENFP,"Data, AI Ethics, Teaching, Reading"
U012,Jessica Jones,39,"New York, USA",DevOps Engineer,15,"DevOps Engineer with 15 years of experience in devops solutions, passionate about leveraging AWS and Kubernetes to solve complex problems and drive business growth.","Structured thinker and creative innovator who enjoys tackling ambiguous challenges. I value work-life harmony, mindfulness, and engaging in deep philosophical discussions.",ENTJ,"Hiking, Gaming, Public Speaking, Startups"
U013,Andrew Nair,34,"Bangalore, India",HR Specialist,9,Dedicated HR Specialist with 9 years of background in innovative environments. Focused on building high-impact solutions using Onboarding and modern Culture frameworks.,"Structured thinker and creative innovator who enjoys tackling ambiguous challenges. I value work-life harmony, mindfulness, and engaging in deep philosophical discussions.",ESFJ,"Hiking, Gaming, Writing"
U014,Kabir Johnson,40,"Bangalore, India",UX Designer,1,"UX Designer with 1 years of experience in ux solutions, passionate about leveraging Figma and User Testing to solve complex problems and drive business growth.","Curious problem-solver who values transparent communication, empathy, and intellectual rigor. Passionate about community building, sustainability, and exploring new tech trends.",INFJ,"Gaming, Hiking, Writing, Mentorship, Music"
U015,Megan Jones,39,"Pune, India",Software Engineer,7,"Software Engineer with 7 years of experience in software solutions, passionate about leveraging System Design and React to solve complex problems and drive business growth.","Structured thinker and creative innovator who enjoys tackling ambiguous challenges. I value work-life harmony, mindfulness, and engaging in deep philosophical discussions.",INTJ,"Travel, Data, Teaching, Gaming"
U016,Megan Johnson,27,"Hyderabad, India",DevOps Engineer,10,"Results-driven DevOps Engineer boasting 10 years in the industry. Specialized in CI/CD, Docker, and scalable system design with a strong track record of success.","I thrive in collaborative, fast-paced team environments where continuous learning is celebrated. Outside of work, I enjoy mentoring juniors, reading tech blogs, and staying active.",ENFJ,"Writing, Mentorship, Startups, Music"
U017,Michael Garcia,29,"Hyderabad, India",Product Manager,7,"Analytical and creative Product Manager with 7 years of experience. Proven expertise in Agile, cross-functional leadership, and delivering value through Roadmapping.","I thrive in collaborative, fast-paced team environments where continuous learning is celebrated. Outside of work, I enjoy mentoring juniors, reading tech blogs, and staying active.",ENTJ,"Mentorship, AI Ethics, Coding, Public Speaking, Travel"
U018,Alex Martinez,37,"Delhi, India",Financial Analyst,14,"Results-driven Financial Analyst boasting 14 years in the industry. Specialized in Forecasting, Valuation, and scalable system design with a strong track record of success.","I thrive in collaborative, fast-paced team environments where continuous learning is celebrated. Outside of work, I enjoy mentoring juniors, reading tech blogs, and staying active.",ENTP,"Music, Data, Fitness"
U019,Andrew Davis,37,"Bangalore, India",DevOps Engineer,10,"Results-driven DevOps Engineer boasting 10 years in the industry. Specialized in CI/CD, Terraform, and scalable system design with a strong track record of success.","I thrive in collaborative, fast-paced team environments where continuous learning is celebrated. Outside of work, I enjoy mentoring juniors, reading tech blogs, and staying active.",ISTJ,"Travel, Coding, Chess, AI Ethics, Fitness"
U020,Ishita Mehta,34,"New York, USA",Data Scientist,5,"Results-driven Data Scientist boasting 5 years in the industry. Specialized in Statistics, PyTorch, and scalable system design with a strong track record of success.","Structured thinker and creative innovator who enjoys tackling ambiguous challenges. I value work-life harmony, mindfulness, and engaging in deep philosophical discussions.",INTJ,"Public Speaking, Hiking, Gaming, Fitness"
U021,Laura Smith,42,"London, UK",Product Manager,9,Dedicated Product Manager with 9 years of background in innovative environments. Focused on building high-impact solutions using Analytics and modern Strategy frameworks.,"Curious problem-solver who values transparent communication, empathy, and intellectual rigor. Passionate about community building, sustainability, and exploring new tech trends.",ESTJ,"Reading, Mentorship, Gaming"
U022,Rhea Nair,42,"New York, USA",Marketing Specialist,8,Dedicated Marketing Specialist with 8 years of background in innovative environments. Focused on building high-impact solutions using Content Strategy and modern Brand Management frameworks.,"Structured thinker and creative innovator who enjoys tackling ambiguous challenges. I value work-life harmony, mindfulness, and engaging in deep philosophical discussions.",ISFP,"Data, Writing, Hiking, Photography, Public Speaking"
U023,Andrew Miller,42,"London, UK",UX Designer,3,"Results-driven UX Designer boasting 3 years in the industry. Specialized in Figma, Prototyping, and scalable system design with a strong track record of success.","Structured thinker and creative innovator who enjoys tackling ambiguous challenges. I value work-life harmony, mindfulness, and engaging in deep philosophical discussions.",INFP,"Chess, Public Speaking, Music, Cooking, Photography"
U024,Ishita Joshi,37,"Seattle, USA",Software Engineer,8,"Analytical and creative Software Engineer with 8 years of experience. Proven expertise in System Design, cross-functional leadership, and delivering value through Java.","Enthusiastic professional with a growth mindset. I love brainstorming innovative ideas over coffee, participating in hackathons, and hiking on weekend getaways.",ISTP,"Startups, Hiking, Reading, Travel, Gaming"
U025,Chris Mehta,29,"Hyderabad, India",Software Engineer,8,"Analytical and creative Software Engineer with 8 years of experience. Proven expertise in Cloud, cross-functional leadership, and delivering value through Java.","Structured thinker and creative innovator who enjoys tackling ambiguous challenges. I value work-life harmony, mindfulness, and engaging in deep philosophical discussions.",ENTP,"Data, Chess, Cooking"
U026,Rachel Singhania,29,"Pune, India",HR Specialist,3,"Results-driven HR Specialist boasting 3 years in the industry. Specialized in Talent Acquisition, Performance Management, and scalable system design with a strong track record of success.","Enthusiastic professional with a growth mindset. I love brainstorming innovative ideas over coffee, participating in hackathons, and hiking on weekend getaways.",ESFJ,"Teaching, Photography, Mentorship"
U027,Hannah Nair,27,"Mumbai, India",Software Engineer,9,"Results-driven Software Engineer boasting 9 years in the industry. Specialized in Java, React, and scalable system design with a strong track record of success.","Enthusiastic professional with a growth mindset. I love brainstorming innovative ideas over coffee, participating in hackathons, and hiking on weekend getaways.",INFP,"Coding, Reading, Gaming, Writing, Mentorship"
U028,Rohan Nair,44,"Delhi, India",DevOps Engineer,5,Dedicated DevOps Engineer with 5 years of background in innovative environments. Focused on building high-impact solutions using Docker and modern AWS frameworks.,"Structured thinker and creative innovator who enjoys tackling ambiguous challenges. I value work-life harmony, mindfulness, and engaging in deep philosophical discussions.",ISTJ,"Mentorship, Startups, Reading"
U029,David Brown,36,"Hyderabad, India",Data Scientist,10,"Data Scientist with 10 years of experience in data solutions, passionate about leveraging PyTorch and Deep Learning to solve complex problems and drive business growth.","I thrive in collaborative, fast-paced team environments where continuous learning is celebrated. Outside of work, I enjoy mentoring juniors, reading tech blogs, and staying active.",INTJ,"Cooking, Photography, Reading, Coding, Data"
U030,Laura Miller,37,"Delhi, India",Software Engineer,7,"Analytical and creative Software Engineer with 7 years of experience. Proven expertise in Java, cross-functional leadership, and delivering value through System Design.","I thrive in collaborative, fast-paced team environments where continuous learning is celebrated. Outside of work, I enjoy mentoring juniors, reading tech blogs, and staying active.",INFP,"Writing, Teaching, Fitness, AI Ethics, Chess"
U031,Matthew Garcia,39,"Delhi, India",UX Designer,7,"Results-driven UX Designer boasting 7 years in the industry. Specialized in Prototyping, User Testing, and scalable system design with a strong track record of success.","I thrive in collaborative, fast-paced team environments where continuous learning is celebrated. Outside of work, I enjoy mentoring juniors, reading tech blogs, and staying active.",ENFP,"Public Speaking, Music, Startups, Writing"
U032,Arjun Jones,24,"Mumbai, India",Marketing Specialist,3,"Results-driven Marketing Specialist boasting 3 years in the industry. Specialized in SEO, Content Strategy, and scalable system design with a strong track record of success.","I thrive in collaborative, fast-paced team environments where continuous learning is celebrated. Outside of work, I enjoy mentoring juniors, reading tech blogs, and staying active.",INFP,"Hiking, Music, Fitness"
U033,Vikram Rao,30,"Delhi, India",Marketing Specialist,3,"Analytical and creative Marketing Specialist with 3 years of experience. Proven expertise in SEO, cross-functional leadership, and delivering value through Social Media.","Curious problem-solver who values transparent communication, empathy, and intellectual rigor. Passionate about community building, sustainability, and exploring new tech trends.",INFP,"Gaming, Travel, Music, Hiking"
U034,Alex Martinez,22,"Seattle, USA",Financial Analyst,3,"Analytical and creative Financial Analyst with 3 years of experience. Proven expertise in Excel, cross-functional leadership, and delivering value through Risk Analysis.","Structured thinker and creative innovator who enjoys tackling ambiguous challenges. I value work-life harmony, mindfulness, and engaging in deep philosophical discussions.",ISTJ,"Startups, Teaching, Travel"
U035,Meera Miller,35,"Delhi, India",Software Engineer,7,"Results-driven Software Engineer boasting 7 years in the industry. Specialized in Cloud, Python, and scalable system design with a strong track record of success.","I thrive in collaborative, fast-paced team environments where continuous learning is celebrated. Outside of work, I enjoy mentoring juniors, reading tech blogs, and staying active.",ESFJ,"Public Speaking, Reading, Coding, Chess, Startups"
U036,Ishita Sharma,44,"Mumbai, India",Software Engineer,8,Dedicated Software Engineer with 8 years of background in innovative environments. Focused on building high-impact solutions using System Design and modern Python frameworks.,"I thrive in collaborative, fast-paced team environments where continuous learning is celebrated. Outside of work, I enjoy mentoring juniors, reading tech blogs, and staying active.",ENTJ,"Coding, Writing, Public Speaking"
U037,Nikhil Nair,37,"Bangalore, India",Marketing Specialist,6,"Analytical and creative Marketing Specialist with 6 years of experience. Proven expertise in Social Media, cross-functional leadership, and delivering value through Brand Management.","I thrive in collaborative, fast-paced team environments where continuous learning is celebrated. Outside of work, I enjoy mentoring juniors, reading tech blogs, and staying active.",INFJ,"Teaching, AI Ethics, Gaming, Hiking"
U038,Kabir Williams,30,"Pune, India",Data Scientist,14,"Analytical and creative Data Scientist with 14 years of experience. Proven expertise in Machine Learning, cross-functional leadership, and delivering value through Python.","Curious problem-solver who values transparent communication, empathy, and intellectual rigor. Passionate about community building, sustainability, and exploring new tech trends.",ENTP,"Fitness, Cooking, Travel, Mentorship, Startups"
U039,David Miller,25,"Austin, USA",DevOps Engineer,2,"DevOps Engineer with 2 years of experience in devops solutions, passionate about leveraging Docker and CI/CD to solve complex problems and drive business growth.","Structured thinker and creative innovator who enjoys tackling ambiguous challenges. I value work-life harmony, mindfulness, and engaging in deep philosophical discussions.",ISFP,"Chess, Reading, Hiking, Data, Startups"
U040,Vikram Nair,35,"London, UK",Business Analyst,10,Dedicated Business Analyst with 10 years of background in innovative environments. Focused on building high-impact solutions using BPMN and modern SQL frameworks.,"Enthusiastic professional with a growth mindset. I love brainstorming innovative ideas over coffee, participating in hackathons, and hiking on weekend getaways.",ENTP,"Startups, Chess, Photography, Travel, Data"
U041,Emily Patel,43,"Hyderabad, India",UX Designer,8,"Analytical and creative UX Designer with 8 years of experience. Proven expertise in Prototyping, cross-functional leadership, and delivering value through Figma.","I thrive in collaborative, fast-paced team environments where continuous learning is celebrated. Outside of work, I enjoy mentoring juniors, reading tech blogs, and staying active.",ENFP,"Data, Gaming, Reading, Public Speaking, Coding"
U042,Ashley Singhania,43,"Delhi, India",Data Analyst,7,"Analytical and creative Data Analyst with 7 years of experience. Proven expertise in SQL, cross-functional leadership, and delivering value through Tableau.","Enthusiastic professional with a growth mindset. I love brainstorming innovative ideas over coffee, participating in hackathons, and hiking on weekend getaways.",ISTJ,"Photography, Public Speaking, Cooking, Hiking, Teaching"
U043,Michael Jones,33,"Delhi, India",Product Manager,15,"Product Manager with 15 years of experience in product solutions, passionate about leveraging Agile and Analytics to solve complex problems and drive business growth.","Curious problem-solver who values transparent communication, empathy, and intellectual rigor. Passionate about community building, sustainability, and exploring new tech trends.",ENTJ,"Mentorship, Fitness, Teaching, Travel"
U044,Rohan Rao,39,"Mumbai, India",Product Manager,11,"Results-driven Product Manager boasting 11 years in the industry. Specialized in Analytics, User Research, and scalable system design with a strong track record of success.","Structured thinker and creative innovator who enjoys tackling ambiguous challenges. I value work-life harmony, mindfulness, and engaging in deep philosophical discussions.",ENFJ,"Photography, AI Ethics, Cooking, Gaming, Reading"
U045,Sarah Gupta,23,"San Francisco, USA",UX Designer,6,Dedicated UX Designer with 6 years of background in innovative environments. Focused on building high-impact solutions using Wireframing and modern User Testing frameworks.,"Structured thinker and creative innovator who enjoys tackling ambiguous challenges. I value work-life harmony, mindfulness, and engaging in deep philosophical discussions.",INFP,"Chess, Teaching, AI Ethics, Coding, Travel"
U046,Rohan Mehta,38,"Hyderabad, India",HR Specialist,7,"Analytical and creative HR Specialist with 7 years of experience. Proven expertise in Talent Acquisition, cross-functional leadership, and delivering value through Performance Management.","Curious problem-solver who values transparent communication, empathy, and intellectual rigor. Passionate about community building, sustainability, and exploring new tech trends.",ENFJ,"Writing, Photography, Mentorship, Public Speaking, Hiking"
U047,Arjun Jones,42,"Bangalore, India",HR Specialist,12,Dedicated HR Specialist with 12 years of background in innovative environments. Focused on building high-impact solutions using Talent Acquisition and modern Onboarding frameworks.,"I thrive in collaborative, fast-paced team environments where continuous learning is celebrated. Outside of work, I enjoy mentoring juniors, reading tech blogs, and staying active.",ENFJ,"Reading, Teaching, Hiking"
U048,Matthew Jones,43,"Hyderabad, India",HR Specialist,6,"Results-driven HR Specialist boasting 6 years in the industry. Specialized in Onboarding, Talent Acquisition, and scalable system design with a strong track record of success.","Curious problem-solver who values transparent communication, empathy, and intellectual rigor. Passionate about community building, sustainability, and exploring new tech trends.",ESTJ,"Travel, Photography, AI Ethics, Music"
U049,Lauren Singhania,32,"Bangalore, India",Financial Analyst,12,"Financial Analyst with 12 years of experience in financial solutions, passionate about leveraging Risk Analysis and Forecasting to solve complex problems and drive business growth.","I thrive in collaborative, fast-paced team environments where continuous learning is celebrated. Outside of work, I enjoy mentoring juniors, reading tech blogs, and staying active.",INTP,"Gaming, Reading, Coding"
U050,Tanvi Sharma,33,"Hyderabad, India",Data Scientist,7,"Results-driven Data Scientist boasting 7 years in the industry. Specialized in Python, Deep Learning, and scalable system design with a strong track record of success.","I thrive in collaborative, fast-paced team environments where continuous learning is celebrated. Outside of work, I enjoy mentoring juniors, reading tech blogs, and staying active.",INTJ,"Gaming, Coding, Reading, Chess"
U051,Alex Rao,36,"Delhi, India",HR Specialist,9,"HR Specialist with 9 years of experience in hr solutions, passionate about leveraging Culture and Performance Management to solve complex problems and drive business growth.","Curious problem-solver who values transparent communication, empathy, and intellectual rigor. Passionate about community building, sustainability, and exploring new tech trends.",ESTJ,"Hiking, Reading, Chess, Photography"
U052,Hannah Brown,25,"Delhi, India",Data Scientist,5,"Analytical and creative Data Scientist with 5 years of experience. Proven expertise in PyTorch, cross-functional leadership, and delivering value through Deep Learning.","Structured thinker and creative innovator who enjoys tackling ambiguous challenges. I value work-life harmony, mindfulness, and engaging in deep philosophical discussions.",INTJ,"Mentorship, Public Speaking, Writing"
U053,Sneha Singhania,29,"Seattle, USA",Marketing Specialist,12,"Marketing Specialist with 12 years of experience in marketing solutions, passionate about leveraging Analytics and Social Media to solve complex problems and drive business growth.","Enthusiastic professional with a growth mindset. I love brainstorming innovative ideas over coffee, participating in hackathons, and hiking on weekend getaways.",INFJ,"AI Ethics, Gaming, Photography, Writing"
U054,Ishita Sharma,41,"Delhi, India",Data Scientist,13,"Analytical and creative Data Scientist with 13 years of experience. Proven expertise in PyTorch, cross-functional leadership, and delivering value through Python.","Structured thinker and creative innovator who enjoys tackling ambiguous challenges. I value work-life harmony, mindfulness, and engaging in deep philosophical discussions.",ENTP,"Writing, AI Ethics, Hiking, Mentorship"
U055,Hannah Brown,32,"Austin, USA",Product Manager,2,"Results-driven Product Manager boasting 2 years in the industry. Specialized in Analytics, Strategy, and scalable system design with a strong track record of success.","Curious problem-solver who values transparent communication, empathy, and intellectual rigor. Passionate about community building, sustainability, and exploring new tech trends.",ESFJ,"Photography, Reading, Gaming, Data"
U056,Chris Johnson,43,"Seattle, USA",Data Analyst,8,"Analytical and creative Data Analyst with 8 years of experience. Proven expertise in Data Mining, cross-functional leadership, and delivering value through Tableau.","Curious problem-solver who values transparent communication, empathy, and intellectual rigor. Passionate about community building, sustainability, and exploring new tech trends.",ISTJ,"Travel, Data, Writing"
U057,Aarav Jones,44,"Bangalore, India",Financial Analyst,8,"Analytical and creative Financial Analyst with 8 years of experience. Proven expertise in Valuation, cross-functional leadership, and delivering value through Financial Modeling.","I thrive in collaborative, fast-paced team environments where continuous learning is celebrated. Outside of work, I enjoy mentoring juniors, reading tech blogs, and staying active.",INTJ,"Gaming, Photography, Mentorship, Coding, Teaching"
U058,Daniel Mehta,41,"Seattle, USA",Software Engineer,5,"Software Engineer with 5 years of experience in software solutions, passionate about leveraging System Design and Python to solve complex problems and drive business growth.","I thrive in collaborative, fast-paced team environments where continuous learning is celebrated. Outside of work, I enjoy mentoring juniors, reading tech blogs, and staying active.",INTP,"Music, Travel, Coding, Public Speaking, Chess"
U059,Sneha Kapoor,45,"New York, USA",UX Designer,7,"Analytical and creative UX Designer with 7 years of experience. Proven expertise in User Testing, cross-functional leadership, and delivering value through Design Systems.","Curious problem-solver who values transparent communication, empathy, and intellectual rigor. Passionate about community building, sustainability, and exploring new tech trends.",ISFP,"Travel, Coding, AI Ethics"
U060,Rachel Johnson,44,"New York, USA",Business Analyst,8,"Results-driven Business Analyst boasting 8 years in the industry. Specialized in Requirements Gathering, Agile, and scalable system design with a strong track record of success.","I thrive in collaborative, fast-paced team environments where continuous learning is celebrated. Outside of work, I enjoy mentoring juniors, reading tech blogs, and staying active.",ENTP,"Reading, Travel, Mentorship, Music, Data"
U061,Megan Sharma,35,"Hyderabad, India",Product Manager,1,"Analytical and creative Product Manager with 1 years of experience. Proven expertise in Analytics, cross-functional leadership, and delivering value through Agile.","I thrive in collaborative, fast-paced team environments where continuous learning is celebrated. Outside of work, I enjoy mentoring juniors, reading tech blogs, and staying active.",ENFJ,"Hiking, Fitness, Coding"
U062,Aditya Verma,41,"Pune, India",Business Analyst,14,Dedicated Business Analyst with 14 years of background in innovative environments. Focused on building high-impact solutions using BPMN and modern Requirements Gathering frameworks.,"Curious problem-solver who values transparent communication, empathy, and intellectual rigor. Passionate about community building, sustainability, and exploring new tech trends.",INTP,"Travel, Photography, Coding, Public Speaking"
U063,Jessica Smith,44,"Austin, USA",Financial Analyst,5,"Results-driven Financial Analyst boasting 5 years in the industry. Specialized in Excel, Financial Modeling, and scalable system design with a strong track record of success.","Curious problem-solver who values transparent communication, empathy, and intellectual rigor. Passionate about community building, sustainability, and exploring new tech trends.",ISTJ,"Writing, Chess, Teaching"
U064,Alex Garcia,30,"Mumbai, India",Data Analyst,12,Dedicated Data Analyst with 12 years of background in innovative environments. Focused on building high-impact solutions using Python and modern Data Mining frameworks.,"Enthusiastic professional with a growth mindset. I love brainstorming innovative ideas over coffee, participating in hackathons, and hiking on weekend getaways.",INTP,"Gaming, Public Speaking, AI Ethics, Writing"
U065,Hannah Brown,30,"Delhi, India",Marketing Specialist,1,"Analytical and creative Marketing Specialist with 1 years of experience. Proven expertise in Brand Management, cross-functional leadership, and delivering value through Content Strategy.","Enthusiastic professional with a growth mindset. I love brainstorming innovative ideas over coffee, participating in hackathons, and hiking on weekend getaways.",INFJ,"Cooking, Music, Reading"
U066,Laura Johnson,43,"Pune, India",Data Scientist,5,Dedicated Data Scientist with 5 years of background in innovative environments. Focused on building high-impact solutions using Deep Learning and modern PyTorch frameworks.,"Structured thinker and creative innovator who enjoys tackling ambiguous challenges. I value work-life harmony, mindfulness, and engaging in deep philosophical discussions.",ISTJ,"Music, Data, Travel, Coding, Public Speaking"
U067,Ashley Sharma,25,"Pune, India",HR Specialist,4,"HR Specialist with 4 years of experience in hr solutions, passionate about leveraging Talent Acquisition and Employee Engagement to solve complex problems and drive business growth.","Structured thinker and creative innovator who enjoys tackling ambiguous challenges. I value work-life harmony, mindfulness, and engaging in deep philosophical discussions.",ESTJ,"AI Ethics, Teaching, Photography"
U068,Andrew Joshi,33,"London, UK",Data Analyst,14,"Analytical and creative Data Analyst with 14 years of experience. Proven expertise in SQL, cross-functional leadership, and delivering value through Python.","I thrive in collaborative, fast-paced team environments where continuous learning is celebrated. Outside of work, I enjoy mentoring juniors, reading tech blogs, and staying active.",INTJ,"Public Speaking, Teaching, Coding, Cooking"
U069,James Rodriguez,26,"Pune, India",Data Analyst,7,"Results-driven Data Analyst boasting 7 years in the industry. Specialized in Python, SQL, and scalable system design with a strong track record of success.","Enthusiastic professional with a growth mindset. I love brainstorming innovative ideas over coffee, participating in hackathons, and hiking on weekend getaways.",INTJ,"Coding, Startups, Reading, Mentorship"
U070,Siddharth Jones,30,"Pune, India",Financial Analyst,10,Dedicated Financial Analyst with 10 years of background in innovative environments. Focused on building high-impact solutions using Excel and modern Valuation frameworks.,"Curious problem-solver who values transparent communication, empathy, and intellectual rigor. Passionate about community building, sustainability, and exploring new tech trends.",ENTP,"AI Ethics, Writing, Gaming"
U071,Joshua Garcia,40,"Hyderabad, India",Product Manager,11,"Product Manager with 11 years of experience in product solutions, passionate about leveraging Analytics and Roadmapping to solve complex problems and drive business growth.","Curious problem-solver who values transparent communication, empathy, and intellectual rigor. Passionate about community building, sustainability, and exploring new tech trends.",ESFJ,"Teaching, Writing, Data, Public Speaking"
U072,Priya Rao,26,"New York, USA",Product Manager,12,Dedicated Product Manager with 12 years of background in innovative environments. Focused on building high-impact solutions using Strategy and modern Agile frameworks.,"Enthusiastic professional with a growth mindset. I love brainstorming innovative ideas over coffee, participating in hackathons, and hiking on weekend getaways.",ENFJ,"Mentorship, Music, Coding, Data"
U073,Chris Williams,31,"New York, USA",Software Engineer,11,"Software Engineer with 11 years of experience in software solutions, passionate about leveraging Java and Cloud to solve complex problems and drive business growth.","Enthusiastic professional with a growth mindset. I love brainstorming innovative ideas over coffee, participating in hackathons, and hiking on weekend getaways.",ISTP,"Travel, Photography, Gaming, Teaching"
U074,Chris Sharma,27,"Pune, India",Software Engineer,12,"Software Engineer with 12 years of experience in software solutions, passionate about leveraging React and Java to solve complex problems and drive business growth.","Structured thinker and creative innovator who enjoys tackling ambiguous challenges. I value work-life harmony, mindfulness, and engaging in deep philosophical discussions.",ISTP,"Startups, Writing, Data"
U075,Rahul Miller,29,"Mumbai, India",HR Specialist,4,"HR Specialist with 4 years of experience in hr solutions, passionate about leveraging Talent Acquisition and Culture to solve complex problems and drive business growth.","I thrive in collaborative, fast-paced team environments where continuous learning is celebrated. Outside of work, I enjoy mentoring juniors, reading tech blogs, and staying active.",ENFJ,"Reading, Travel, Gaming, Music, Cooking"
U076,Divya Jones,45,"Pune, India",Data Scientist,1,"Analytical and creative Data Scientist with 1 years of experience. Proven expertise in Deep Learning, cross-functional leadership, and delivering value through Machine Learning.","Enthusiastic professional with a growth mindset. I love brainstorming innovative ideas over coffee, participating in hackathons, and hiking on weekend getaways.",ISTJ,"Gaming, Hiking, Teaching"
U077,Laura Nair,39,"Seattle, USA",Product Manager,13,"Analytical and creative Product Manager with 13 years of experience. Proven expertise in Roadmapping, cross-functional leadership, and delivering value through Agile.","I thrive in collaborative, fast-paced team environments where continuous learning is celebrated. Outside of work, I enjoy mentoring juniors, reading tech blogs, and staying active.",ENFJ,"Music, Mentorship, Hiking"
U078,James Williams,22,"Mumbai, India",HR Specialist,12,"Results-driven HR Specialist boasting 12 years in the industry. Specialized in Culture, Performance Management, and scalable system design with a strong track record of success.","Curious problem-solver who values transparent communication, empathy, and intellectual rigor. Passionate about community building, sustainability, and exploring new tech trends.",ESTJ,"Teaching, Mentorship, Writing, Photography, Data"
U079,Megan Mehta,30,"London, UK",Financial Analyst,14,"Financial Analyst with 14 years of experience in financial solutions, passionate about leveraging Financial Modeling and Excel to solve complex problems and drive business growth.","Enthusiastic professional with a growth mindset. I love brainstorming innovative ideas over coffee, participating in hackathons, and hiking on weekend getaways.",ENTJ,"Cooking, Chess, Coding"
U080,Alex Martinez,39,"Bangalore, India",Business Analyst,3,"Results-driven Business Analyst boasting 3 years in the industry. Specialized in Process Optimization, Requirements Gathering, and scalable system design with a strong track record of success.","Curious problem-solver who values transparent communication, empathy, and intellectual rigor. Passionate about community building, sustainability, and exploring new tech trends.",ENTJ,"Mentorship, Cooking, Data, Startups"
U081,Pooja Verma,31,"San Francisco, USA",Product Manager,5,"Results-driven Product Manager boasting 5 years in the industry. Specialized in Analytics, Agile, and scalable system design with a strong track record of success.","Enthusiastic professional with a growth mindset. I love brainstorming innovative ideas over coffee, participating in hackathons, and hiking on weekend getaways.",ESFJ,"Coding, Photography, Writing"
U082,Rohan Gupta,31,"New York, USA",Financial Analyst,5,"Financial Analyst with 5 years of experience in financial solutions, passionate about leveraging Financial Modeling and Forecasting to solve complex problems and drive business growth.","Curious problem-solver who values transparent communication, empathy, and intellectual rigor. Passionate about community building, sustainability, and exploring new tech trends.",INTJ,"Music, Data, Travel, Hiking, Teaching"
U083,Chris Brown,36,"Mumbai, India",Financial Analyst,5,Dedicated Financial Analyst with 5 years of background in innovative environments. Focused on building high-impact solutions using Financial Modeling and modern Excel frameworks.,"Curious problem-solver who values transparent communication, empathy, and intellectual rigor. Passionate about community building, sustainability, and exploring new tech trends.",ENTP,"Fitness, Mentorship, Reading, Coding"
U084,Ashley Garcia,29,"Hyderabad, India",Data Analyst,9,"Analytical and creative Data Analyst with 9 years of experience. Proven expertise in Excel, cross-functional leadership, and delivering value through SQL.","Enthusiastic professional with a growth mindset. I love brainstorming innovative ideas over coffee, participating in hackathons, and hiking on weekend getaways.",ENTP,"Cooking, Hiking, Public Speaking, Startups"
U085,Andrew Davis,22,"Seattle, USA",Marketing Specialist,8,"Marketing Specialist with 8 years of experience in marketing solutions, passionate about leveraging Analytics and Social Media to solve complex problems and drive business growth.","I thrive in collaborative, fast-paced team environments where continuous learning is celebrated. Outside of work, I enjoy mentoring juniors, reading tech blogs, and staying active.",INFP,"Travel, Music, Cooking, Fitness, Teaching"
U086,Rohan Nair,38,"New York, USA",Software Engineer,3,Dedicated Software Engineer with 3 years of background in innovative environments. Focused on building high-impact solutions using Cloud and modern React frameworks.,"I thrive in collaborative, fast-paced team environments where continuous learning is celebrated. Outside of work, I enjoy mentoring juniors, reading tech blogs, and staying active.",ENFP,"Gaming, Public Speaking, Reading, AI Ethics"
U087,Rhea Patel,44,"San Francisco, USA",Data Scientist,11,Dedicated Data Scientist with 11 years of background in innovative environments. Focused on building high-impact solutions using Statistics and modern PyTorch frameworks.,"Structured thinker and creative innovator who enjoys tackling ambiguous challenges. I value work-life harmony, mindfulness, and engaging in deep philosophical discussions.",ENTJ,"Photography, Cooking, Coding, Music"
U088,Alex Patel,34,"Delhi, India",Software Engineer,12,"Software Engineer with 12 years of experience in software solutions, passionate about leveraging Python and Java to solve complex problems and drive business growth.","Structured thinker and creative innovator who enjoys tackling ambiguous challenges. I value work-life harmony, mindfulness, and engaging in deep philosophical discussions.",ESTP,"Mentorship, Public Speaking, Photography, Startups"
U089,Emily Patel,25,"San Francisco, USA",Marketing Specialist,6,"Results-driven Marketing Specialist boasting 6 years in the industry. Specialized in Content Strategy, Analytics, and scalable system design with a strong track record of success.","Structured thinker and creative innovator who enjoys tackling ambiguous challenges. I value work-life harmony, mindfulness, and engaging in deep philosophical discussions.",INFJ,"Chess, Gaming, Mentorship"
U090,Kabir Kapoor,24,"Mumbai, India",Data Analyst,6,Dedicated Data Analyst with 6 years of background in innovative environments. Focused on building high-impact solutions using SQL and modern Python frameworks.,"Structured thinker and creative innovator who enjoys tackling ambiguous challenges. I value work-life harmony, mindfulness, and engaging in deep philosophical discussions.",INTJ,"Fitness, Travel, Writing, AI Ethics"
U091,Pooja Davis,22,"San Francisco, USA",Business Analyst,10,"Business Analyst with 10 years of experience in business solutions, passionate about leveraging Agile and Requirements Gathering to solve complex problems and drive business growth.","Structured thinker and creative innovator who enjoys tackling ambiguous challenges. I value work-life harmony, mindfulness, and engaging in deep philosophical discussions.",ENTP,"Hiking, Gaming, Reading"
U092,Andrew Gupta,40,"Delhi, India",Data Analyst,7,"Results-driven Data Analyst boasting 7 years in the industry. Specialized in Tableau, Data Mining, and scalable system design with a strong track record of success.","Enthusiastic professional with a growth mindset. I love brainstorming innovative ideas over coffee, participating in hackathons, and hiking on weekend getaways.",INTJ,"AI Ethics, Music, Public Speaking, Teaching"
U093,Chris Joshi,35,"Bangalore, India",Product Manager,8,"Results-driven Product Manager boasting 8 years in the industry. Specialized in Analytics, User Research, and scalable system design with a strong track record of success.","Enthusiastic professional with a growth mindset. I love brainstorming innovative ideas over coffee, participating in hackathons, and hiking on weekend getaways.",ESTJ,"AI Ethics, Data, Gaming"
U094,Sarah Verma,31,"Mumbai, India",Product Manager,15,Dedicated Product Manager with 15 years of background in innovative environments. Focused on building high-impact solutions using Analytics and modern User Research frameworks.,"Structured thinker and creative innovator who enjoys tackling ambiguous challenges. I value work-life harmony, mindfulness, and engaging in deep philosophical discussions.",ESFJ,"Chess, Fitness, Coding, Mentorship"
U095,Ananya Garcia,35,"Seattle, USA",UX Designer,11,"Analytical and creative UX Designer with 11 years of experience. Proven expertise in Prototyping, cross-functional leadership, and delivering value through User Testing.","Structured thinker and creative innovator who enjoys tackling ambiguous challenges. I value work-life harmony, mindfulness, and engaging in deep philosophical discussions.",ISFP,"Hiking, Travel, Public Speaking, Data"
U096,Divya Singhania,31,"Austin, USA",Product Manager,11,"Analytical and creative Product Manager with 11 years of experience. Proven expertise in Agile, cross-functional leadership, and delivering value through User Research.","Curious problem-solver who values transparent communication, empathy, and intellectual rigor. Passionate about community building, sustainability, and exploring new tech trends.",ESTJ,"Startups, Hiking, Writing"
U097,Laura Rodriguez,27,"Delhi, India",Marketing Specialist,5,Dedicated Marketing Specialist with 5 years of background in innovative environments. Focused on building high-impact solutions using Analytics and modern Social Media frameworks.,"Enthusiastic professional with a growth mindset. I love brainstorming innovative ideas over coffee, participating in hackathons, and hiking on weekend getaways.",ENFP,"Hiking, Public Speaking, Reading, Mentorship, Fitness"
U098,Hannah Williams,31,"Pune, India",HR Specialist,6,Dedicated HR Specialist with 6 years of background in innovative environments. Focused on building high-impact solutions using Culture and modern Talent Acquisition frameworks.,"I thrive in collaborative, fast-paced team environments where continuous learning is celebrated. Outside of work, I enjoy mentoring juniors, reading tech blogs, and staying active.",ESFJ,"Fitness, Teaching, Writing, Music"
U099,Alex Patel,40,"Mumbai, India",Marketing Specialist,12,"Results-driven Marketing Specialist boasting 12 years in the industry. Specialized in Brand Management, Analytics, and scalable system design with a strong track record of success.","Curious problem-solver who values transparent communication, empathy, and intellectual rigor. Passionate about community building, sustainability, and exploring new tech trends.",ENFP,"Writing, Travel, Fitness"
U100,Rhea Jones,27,"Hyderabad, India",DevOps Engineer,1,"DevOps Engineer with 1 years of experience in devops solutions, passionate about leveraging Docker and AWS to solve complex problems and drive business growth.","Enthusiastic professional with a growth mindset. I love brainstorming innovative ideas over coffee, participating in hackathons, and hiking on weekend getaways.",ISFP,"Photography, Hiking, Teaching"
